title,location,price,price_value,url,date_posted,category,square_meters,price_per_sqm,search_phrase,scraped_date
No Title,"Warszawa, Praga-Północ",3 400 zł,3400.0,https://www.olx.pl/d/oferta/wynajme-bezposrednio-3-pokojowe-mieszkanie-kotsisa-kozminski-nowe-CID3-ID15Fso5.html,Odświeżono dnia 06 maja 2025,other,0.0,0,mieszkanie warszawa,2025-05-07 15:52:27
No Title,"Warszawa, Włochy",6 700 zł,6700.0,https://www.olx.pl/d/oferta/nowe-mieszkanie-80m2-aleja-krakowska-289-CID3-ID15CRX2.html,30 kwietnia 2025,other,0.0,0,mieszkanie warszawa,2025-05-07 15:52:27
No Title,"Warszawa, Bemowo",2 750 zł,2750.0,https://www.olx.pl/d/oferta/mieszkanie-wynajem-warszawa-dzielnica-bemowo-ul-rayskiego-2-pokoje-CID3-ID1530sh.html,23 kwietnia 2025,other,0.0,0,mieszkanie warszawa,2025-05-07 15:52:27
No Title,"Warszawa, Targówek",2 300 zł,2300.0,https://www.otodom.pl/pl/oferta/mieszkanie-na-targowku-przy-smolenskiej-metro-garaz-winda-ID4vgoh.html,Dzisiaj o 11:08,other,0.0,0,mieszkanie warszawa,2025-05-07 15:52:27
No Title,No Location,0 zł,0.0,https://www.olx.pl/oferta/praca/osoba-do-wynajmowania-mieszkan-rynek-nieruchomosci-praca-dodatkowa-CID4-ID15szXB.html,No Date,other,0.0,0,mieszkanie warszawa,2025-05-07 15:52:27
No Title,"Warszawa, Śródmieście",10 zł za godzinę,10.0,https://www.olx.pl/d/oferta/posprzatam-mieszkanie-CID4371-ID15HTTt.html,Dzisiaj o 00:46,other,0.0,0,mieszkanie warszawa,2025-05-07 15:52:27
No Title,"Warszawa, Bemowo",2 600 zł,2600.0,https://www.otodom.pl/pl/oferta/sloneczne-mieszkanie-przy-batalionow-chlopskich-ID4vaK6.html,Dzisiaj o 11:20,other,0.0,0,mieszkanie warszawa,2025-05-07 15:52:27
No Title,"Warszawa, Bielany",2 500 złdo negocjacji,2500.0,https://www.olx.pl/d/oferta/wynajme-mieszkanie-warszawa-bielany-CID3-ID15HLQb.html,06 maja 2025,other,0.0,0,mieszkanie warszawa,2025-05-07 15:52:27
No Title,"Warszawa, Praga-Południe",2 500 zł,2500.0,https://www.otodom.pl/pl/oferta/nowe-mieszkanie-33-mk-goclaw-obok-gh-promenada-ID4vgqz.html,Dzisiaj o 12:20,other,0.0,0,mieszkanie warszawa,2025-05-07 15:52:27
No Title,"Warszawa, Ochota",1 520 000 zł,1520000.0,https://www.otodom.pl/pl/oferta/-ID4vfRs.html,06 maja 2025,other,0.0,0,mieszkanie warszawa,2025-05-07 15:52:27
No Title,"Warszawa, Bemowo",4 500 zł,4500.0,https://www.otodom.pl/pl/oferta/przestronne-mieszkanie-w-kamienicy-z-garazem-idealne-dla-rodziny-ID4vghh.html,Dzisiaj o 00:48,other,0.0,0,mieszkanie warszawa,2025-05-07 15:52:27
No Title,"Warszawa, Ursus",2 200 zł,2200.0,https://www.otodom.pl/pl/oferta/za-calosc-2950-zl-z-loggia-ID4vfPM.html,06 maja 2025,other,0.0,0,mieszkanie warszawa,2025-05-07 15:52:27
No Title,"Warszawa, Ochota",2 200 zł,2200.0,https://www.otodom.pl/pl/oferta/mieszkanie-obok-parku-szczesliwickiego-przy-grojeckiej-ID4v5If.html,24 kwietnia 2025,other,0.0,0,mieszkanie warszawa,2025-05-07 15:52:27
No Title,"Warszawa, Ursus",529 000 zł,529000.0,https://www.otodom.pl/pl/oferta/mieszkanie-po-remoncie-ID4uNQD.html,10 kwietnia 2025,other,0.0,0,mieszkanie warszawa,2025-05-07 15:52:27
No Title,"Warszawa, Białołęka",3 000 zł,3000.0,https://www.olx.pl/d/oferta/zoliborz-do-wynajecia-2-pokojowe-mieszkanie-100m-od-pl-wilsona-CID3-ID14gulT.html,Odświeżono dnia 05 maja 2025,other,0.0,0,mieszkanie warszawa,2025-05-07 15:52:27
No Title,"Warszawa, Bemowo",2 030 zł,2030.0,https://www.otodom.pl/pl/oferta/bez-prowizji-mieszkanie-typu-studio-ID4vaqX.html,Odświeżono Dzisiaj o 15:23,other,0.0,0,mieszkanie warszawa,2025-05-07 15:52:27
No Title,"Warszawa, Żoliborz",1 930 zł,1930.0,https://www.olx.pl/d/oferta/mieszkanie-kolo-metra-pl-wilsona-zoliborz-CID3-ID15HEA1.html,06 maja 2025,other,0.0,0,mieszkanie warszawa,2025-05-07 15:52:27
No Title,"Warszawa, Ochota",2 600 zł,2600.0,https://www.olx.pl/d/oferta/2-pokojowe-mieszkanie-metro-sluzew-CID3-ID15I7xN.html,Dzisiaj o 13:06,other,0.0,0,mieszkanie warszawa,2025-05-07 15:52:27
No Title,28 kwietnia 2025,150  zł/za dobę,150.0,https://www.olx.pl/d/oferta/dwupokojowe-wyposazone-mieszkanie-na-srodmiesciu-CID1816-ID15BlYH.html,No Date,other,0.0,0,mieszkanie warszawa,2025-05-07 15:52:27
No Title,"Warszawa, Bemowo",99 zł,99.0,https://www.olx.pl/d/oferta/robot-sprzatajacy-lenovo-t1-s-pro-CID99-ID15Hmko.html,06 maja 2025,other,0.0,0,mieszkanie warszawa,2025-05-07 15:52:27
No Title,"Warszawa, Mokotów",629 000 zł,629000.0,https://www.otodom.pl/pl/oferta/-ID4vf8U.html,06 maja 2025,other,0.0,0,mieszkanie warszawa,2025-05-07 15:52:27
No Title,"Warszawa, Ursus",3 000 zł,3000.0,https://www.otodom.pl/pl/oferta/mieszkanie-na-ursusie-60m2-90m2-ogrodek-ID4vaBk.html,29 kwietnia 2025,other,0.0,0,mieszkanie warszawa,2025-05-07 15:52:27
No Title,"Warszawa, Bielany",3 600 zł,3600.0,https://www.otodom.pl/pl/oferta/-ID4vfFg.html,06 maja 2025,other,0.0,0,mieszkanie warszawa,2025-05-07 15:52:27
No Title,"Warszawa, Targówek",2 400 zł,2400.0,https://www.otodom.pl/pl/oferta/mieszkanie-2-pokojowe-38m2-50m-do-metra-brodno-ID4vgjk.html,Dzisiaj o 01:57,other,0.0,0,mieszkanie warszawa,2025-05-07 15:52:27
No Title,"Warszawa, Praga-Południe",1 900 zł,1900.0,https://www.otodom.pl/pl/oferta/kawalerka-przy-promenadzie-na-goclawiu-garaz-winda-komorka-lok-ID4vgnK.html,Dzisiaj o 10:38,other,0.0,0,mieszkanie warszawa,2025-05-07 15:52:27
No Title,"Warszawa, Wola",3 400 zł,3400.0,https://www.olx.pl/d/oferta/wynajme-2-pok-mieszkanie-warszawa-wola-40m2-z-balkonem-CID3-ID15GX7t.html,06 maja 2025,other,0.0,0,mieszkanie warszawa,2025-05-07 15:52:27
No Title,"Warszawa, Śródmieście",3 890 zł,3890.0,https://www.olx.pl/d/oferta/wynajem-mieszkanie-srodmiescie-centrum-2-pokoje-ul-krochmalna-CID3-ID153fIj.html,Odświeżono dnia 05 maja 2025,other,0.0,0,mieszkanie warszawa,2025-05-07 15:52:27
No Title,"Warszawa, Włochy",3 800 zł,3800.0,https://www.otodom.pl/pl/oferta/nowoczesne-2-pokojowe-mieszkanie-bezposrednio-ID4v2ck.html,Odświeżono dnia 06 maja 2025,other,0.0,0,mieszkanie warszawa,2025-05-07 15:52:27
No Title,"Warszawa, Praga-Północ",797 000 złdo negocjacji,797000.0,https://www.olx.pl/d/oferta/mieszkanie-na-sprzedaz-39-78-m-balkon-8-53-m-CID3-ID14QWKc.html,Odświeżono dnia 06 maja 2025,other,0.0,0,mieszkanie warszawa,2025-05-07 15:52:27
No Title,"Warszawa, Wola",3 400 zł,3400.0,https://www.olx.pl/d/oferta/do-wynajecia-mieszkanie-2-pokoje-ul-czluchowska-2b-CID3-ID15I3Eb.html,Dzisiaj o 11:13,other,0.0,0,mieszkanie warszawa,2025-05-07 15:52:27
No Title,"Warszawa, Praga-Północ",1 100 zł,1100.0,https://www.olx.pl/d/oferta/pokoj-12-m-ul-wiosenna-praga-polnoc-a-CID3-ID15Hhls.html,06 maja 2025,other,0.0,0,mieszkanie warszawa,2025-05-07 15:52:27
No Title,"Warszawa, Białołęka",2 850 zł,2850.0,https://www.otodom.pl/pl/oferta/nieaktualne-mieszkanie-z-osobna-sypialnia-od-zaraz-ID4veh3.html,05 maja 2025,other,0.0,0,mieszkanie warszawa,2025-05-07 15:52:27
No Title,"Warszawa, Ochota",3 000 zł,3000.0,https://www.otodom.pl/pl/oferta/-ID4verH.html,Dzisiaj o 11:08,other,0.0,0,mieszkanie warszawa,2025-05-07 15:52:27
No Title,"Warszawa, Wola",515 000 zł,515000.0,https://www.otodom.pl/pl/oferta/mieszkanie-z-potencjalem-metro-ksiecia-janusza-ID4vcRu.html,05 maja 2025,other,0.0,0,mieszkanie warszawa,2025-05-07 15:52:27
No Title,"Warszawa, Śródmieście",250  zł/za dobę,250.0,https://www.olx.pl/d/oferta/mieszkanie-w-centrum-z-widokiem-na-palac-kultury-CID1816-ID15hEMz.html,Odświeżono dnia 06 maja 2025,other,0.0,0,mieszkanie warszawa,2025-05-07 15:52:27
No Title,"Warszawa, Praga-Południe",2 950 zł,2950.0,https://www.olx.pl/d/oferta/mieszkanie-2-pokoje-grochow-warszawa-CID3-ID154MNi.html,Odświeżono dnia 05 maja 2025,other,0.0,0,mieszkanie warszawa,2025-05-07 15:52:27
No Title,"Warszawa, Wola",201  zł/za dobę,201.0,https://www.olx.pl/d/oferta/mieszkanie-2-pok-wola-blisko-centrum-CID1816-ID15zI0Z.html,26 kwietnia 2025,other,0.0,0,mieszkanie warszawa,2025-05-07 15:52:27
No Title,"Warszawa, Wola",1 300 zł,1300.0,https://www.olx.pl/d/oferta/pokoj-jana-kazimierza-na-wynajem-CID3-ID13KcGx.html,Dzisiaj o 02:50,other,0.0,0,mieszkanie warszawa,2025-05-07 15:52:27
No Title,"Warszawa, Targówek",590 000 zł,590000.0,https://www.otodom.pl/pl/oferta/mieszkanie-2-pokoje-metro-trocka-ID4vcNL.html,02 maja 2025,other,0.0,0,mieszkanie warszawa,2025-05-07 15:52:27
No Title,"Warszawa, Bemowo",3 600 zł,3600.0,https://www.olx.pl/d/oferta/bemowo-2-pokojowe-mieszkanie-do-wynajecia-2-minuty-od-metra-CID3-ID15Ffpn.html,04 maja 2025,other,0.0,0,mieszkanie warszawa,2025-05-07 15:52:27
No Title,"Warszawa, Żoliborz",4 500 zł,4500.0,https://www.olx.pl/d/oferta/mieszkanie-60m-metro-mlynow-garaz-podziemny-CID3-ID13Emwv.html,06 maja 2025,other,0.0,0,mieszkanie warszawa,2025-05-07 15:52:27
No Title,"Warszawa, Ursus",3 200 zł,3200.0,https://www.otodom.pl/pl/oferta/wynajme-mieszkanie-50m-kw-2-pokoje-z-kuchnia-ID4wVt1.html,15 kwietnia 2025,other,0.0,0,mieszkanie warszawa,2025-05-07 15:52:27
No Title,"Warszawa, Ursynów",2 000 zł,2000.0,https://www.otodom.pl/pl/oferta/studio-na-ursynowie-metro-ursynow-winda-garaz-komorka-sggw-ID4vgnS.html,Dzisiaj o 10:46,other,0.0,0,mieszkanie warszawa,2025-05-07 15:52:27
No Title,"Warszawa, Bemowo",2 300 zł,2300.0,https://www.otodom.pl/pl/oferta/wynajme-mieszkanie-dwupokojowe-na-bemowie-ID35fIq.html,05 maja 2025,other,0.0,0,mieszkanie warszawa,2025-05-07 15:52:27
No Title,"Warszawa, Wola",3 600 zł,3600.0,https://www.otodom.pl/pl/oferta/bezposrednio-klimatyczne-2-pokojowe-mieszkanie-w-kamienicy-na-woli-ID4veL2.html,05 maja 2025,other,0.0,0,mieszkanie warszawa,2025-05-07 15:52:27
No Title,"Warszawa, Wilanów",3 900 zł,3900.0,https://www.otodom.pl/pl/oferta/-ID4vf3P.html,05 maja 2025,other,0.0,0,mieszkanie warszawa,2025-05-07 15:52:27
No Title,"Warszawa, Śródmieście",850 zł,850.0,https://www.olx.pl/d/oferta/wynajme-pokoj-w-mieszkaniu-3-pokojowym-aleja-solidarnosci-CID3-ID15GYhY.html,06 maja 2025,other,0.0,0,mieszkanie warszawa,2025-05-07 15:52:27
No Title,"Warszawa, Wilanów",2 100 zł,2100.0,https://www.olx.pl/d/oferta/mieszkanie-2-pok-34-m2-w-wyszkowie-CID3-ID15HXmy.html,Dzisiaj o 02:11,other,0.0,0,mieszkanie warszawa,2025-05-07 15:52:27
No Title,"Warszawa, Wawer",4 300 zł,4300.0,https://www.otodom.pl/pl/oferta/mieszkanie-75m2-wawer-tawulkowa-3-za-72-bezczynszowe-ID4vfoq.html,06 maja 2025,other,0.0,0,mieszkanie warszawa,2025-05-07 15:52:27
No Title,"Warszawa, Wola",3 200 zł,3200.0,https://www.otodom.pl/pl/oferta/mieszkanie-dwupokojowe-ul-jana-kazimierza-ID4vcSN.html,02 maja 2025,other,0.0,0,mieszkanie warszawa,2025-05-07 15:52:27
No Title,"Warszawa, Śródmieście",3 600 zł,3600.0,https://www.olx.pl/d/oferta/nowoczesne-mieszkanie-przy-ulicy-grzybowska-30-12-pietro-CID3-ID15H4PR.html,06 maja 2025,other,0.0,0,mieszkanie warszawa,2025-05-07 15:52:27
No Title,"Warszawa, Mokotów",1 450 zł,1450.0,https://www.olx.pl/d/oferta/pokoj-do-wynajecia-wysoki-standard-pulawska-metro-wilanowska-CID3-ID15I5TO.html,Dzisiaj o 12:21,other,0.0,0,mieszkanie warszawa,2025-05-07 15:52:27
No Title,"Warszawa, Ochota",2 990 zł,2990.0,https://www.olx.pl/d/oferta/klimatyczne-mieszkanie-obok-metro-pole-mokotowskie-politechnika-sgh-CID3-ID15yMK8.html,Odświeżono dnia 06 maja 2025,other,0.0,0,mieszkanie warszawa,2025-05-07 15:52:35
No Title,"Warszawa, Wola",749 000 zł,749000.0,https://www.otodom.pl/pl/oferta/3-pokojowe-mieszkanie-po-remoncie-blisko-arkadii-ID4wrIC.html,Odświeżono Dzisiaj o 14:11,other,0.0,0,mieszkanie warszawa,2025-05-07 15:52:35
No Title,"Warszawa, Bemowo",2 900 zł,2900.0,https://www.olx.pl/d/oferta/bezposrednio-mieszkanie-40-m-bemowo-lazurowa-CID3-ID15EiI7.html,02 maja 2025,other,0.0,0,mieszkanie warszawa,2025-05-07 15:52:35
No Title,"Warszawa, Bemowo",3 600 zł,3600.0,https://www.otodom.pl/pl/oferta/nowoczesne-2-pokojowe-mieszkanie-w-poblizu-stacji-metra-bemowo-56-m2-ID43G74.html,29 kwietnia 2025,other,0.0,0,mieszkanie warszawa,2025-05-07 15:52:35
No Title,"Warszawa, Ochota",3 000 zł,3000.0,https://www.olx.pl/d/oferta/mieszkanie-do-wynajecia-3-pokoje-bezposrednio-ochota-rakowiec-CID3-ID15HL9y.html,06 maja 2025,other,0.0,0,mieszkanie warszawa,2025-05-07 15:52:35
No Title,"Warszawa, Wola",1 330 zł,1330.0,https://www.olx.pl/d/oferta/pokoj-do-wynajecia-wola-CID3-ID15HTdr.html,Dzisiaj o 00:40,other,0.0,0,mieszkanie warszawa,2025-05-07 15:52:35
No Title,"Warszawa, Bielany",790 000 zł,790000.0,https://www.otodom.pl/pl/oferta/gruntownie-odremontowane-mieszkanie-warszawa-ID4w5oB.html,28 kwietnia 2025,other,0.0,0,mieszkanie warszawa,2025-05-07 15:52:35
No Title,"Warszawa, Mokotów",3 700 zł,3700.0,https://www.otodom.pl/pl/oferta/nowe-mieszkanie-mokotow-2-pokoje-ogrod-garaz-ID4wuEz.html,27 kwietnia 2025,other,0.0,0,mieszkanie warszawa,2025-05-07 15:52:35
No Title,"Warszawa, Włochy",3 500 zł,3500.0,https://www.olx.pl/d/oferta/mieszkanie-2pokojowe-z-miejscem-parkingowym-wlochy-CID3-ID15HMVT.html,06 maja 2025,other,0.0,0,mieszkanie warszawa,2025-05-07 15:52:35
No Title,"Warszawa, Ochota",2 500 zł,2500.0,https://www.otodom.pl/pl/oferta/3-pokojowe-ochota-ul-grojecka-hala-banacha-ID4v6iV.html,Odświeżono dnia 05 maja 2025,other,0.0,0,mieszkanie warszawa,2025-05-07 15:52:35
No Title,"Warszawa, Ursynów",3 300 zł,3300.0,https://www.olx.pl/d/oferta/mieszkanie-na-wynajem-na-ursynowie-75m-CID3-ID15Hw6T.html,06 maja 2025,other,0.0,0,mieszkanie warszawa,2025-05-07 15:52:35
No Title,"Warszawa, Ursus",10 900 zł,10900.0,https://www.olx.pl/d/oferta/motocykl-suzuki-sv1000-n-2006-igla-przygotowany-do-sezonu-CID5-ID15HXUX.html,Dzisiaj o 10:22,other,0.0,0,mieszkanie warszawa,2025-05-07 15:52:35
No Title,"Warszawa, Bemowo",3 000 zł,3000.0,https://www.otodom.pl/pl/oferta/mieszkanie-2pokoje-32m2-bemowo-trasa-s8-metro-ID4uu92.html,Odświeżono dnia 03 maja 2025,other,0.0,0,mieszkanie warszawa,2025-05-07 15:52:35
No Title,"Warszawa, Praga-Południe",8 500 zł,8500.0,https://www.olx.pl/d/oferta/mieszkanie-dla-10-pracownikow-10-min-do-centrum-850zl-os-msc-CID3-ID11WeNb.html,05 maja 2025,other,0.0,0,mieszkanie warszawa,2025-05-07 15:52:35
No Title,"Warszawa, Włochy",3 800 zł,3800.0,https://www.olx.pl/d/oferta/2-pokojowe-mieszkanie-do-wynajecia-z-garazem-podziemnym-ul-rakowska-CID3-ID15HWOP.html,Dzisiaj o 01:28,other,0.0,0,mieszkanie warszawa,2025-05-07 15:52:35
No Title,"Warszawa, Ursus",760 000 złdo negocjacji,760000.0,https://www.olx.pl/d/oferta/mieszkanie-warszawa-ursus-do-negocjacji-CID3-ID14w5yh.html,Odświeżono dnia 06 maja 2025,other,0.0,0,mieszkanie warszawa,2025-05-07 15:52:35
No Title,"Warszawa, Praga-Południe",3 500 zł,3500.0,https://www.otodom.pl/pl/oferta/klimatyczne-3-pokojowe-mieszkanie-na-saskiej-kepie-ID4wV8G.html,Odświeżono dnia 04 maja 2025,other,0.0,0,mieszkanie warszawa,2025-05-07 15:52:35
No Title,"Warszawa, Praga-Południe",3 300 zł,3300.0,https://www.otodom.pl/pl/oferta/mieszkanie-2-pokojowe-43-m2-klimatyzacja-ul-zupnicza-ID4vdYq.html,05 maja 2025,other,0.0,0,mieszkanie warszawa,2025-05-07 15:52:35
No Title,"Warszawa, Śródmieście",4 000 zł,4000.0,https://www.olx.pl/d/oferta/metro-ratusz-arsenal-3-pokojowe-mieszkanie-CID3-ID157UER.html,05 maja 2025,other,0.0,0,mieszkanie warszawa,2025-05-07 15:52:35
No Title,"Warszawa, Praga-Północ",3 990 zł,3990.0,https://www.olx.pl/d/oferta/dwupokojowe-mieszkanie-przy-metrze-dworzec-wilenski-od-zaraz-CID3-ID15H6oL.html,06 maja 2025,other,0.0,0,mieszkanie warszawa,2025-05-07 15:52:35
No Title,"Warszawa, Bemowo",3 990 zł,3990.0,https://www.olx.pl/d/oferta/duze-czteropokojowe-mieszkanie-przy-metrze-CID3-ID15GbDT.html,05 maja 2025,other,0.0,0,mieszkanie warszawa,2025-05-07 15:52:35
No Title,"Warszawa, Praga-Północ",2 900 zł,2900.0,https://www.olx.pl/d/oferta/do-wynajecia-mieszkanie-typu-studio-33-m-z-balkonem-praga-polnoc-CID3-ID15ETjk.html,03 maja 2025,other,0.0,0,mieszkanie warszawa,2025-05-07 15:52:35
No Title,"Warszawa, Włochy",2 762 zł,2762.0,https://www.otodom.pl/pl/oferta/przytulne-studio-30m2-bezposrednio-pets-ok-ID4uDge.html,Odświeżono Dzisiaj o 13:11,other,0.0,0,mieszkanie warszawa,2025-05-07 15:52:35
No Title,"Warszawa, Ochota",3 050 zł,3050.0,https://www.olx.pl/d/oferta/przytulne-mieszkanie-w-centrum-warszawy-CID3-ID15A7d9.html,27 kwietnia 2025,other,0.0,0,mieszkanie warszawa,2025-05-07 15:52:35
No Title,"Warszawa, Praga-Północ",1 450 zł,1450.0,https://www.olx.pl/d/oferta/duzy-pokoj-saska-kepa-od-30-4-nowe-mieszkanie-metro-politechnika-11min-CID3-ID15xRwq.html,Odświeżono dnia 05 maja 2025,other,0.0,0,mieszkanie warszawa,2025-05-07 15:52:35
No Title,"Warszawa, Praga-Południe",2 500 zł,2500.0,https://www.otodom.pl/pl/oferta/mieszkanie-32-5-m-2-pokoje-warszawa-goclaw-ID4vgd9.html,06 maja 2025,other,0.0,0,mieszkanie warszawa,2025-05-07 15:52:35
No Title,"Warszawa, Śródmieście",1 000 000 zł,1000000.0,https://www.otodom.pl/pl/oferta/3-pokojowe-mieszkanie-przy-krakowskim-przedmiesciu-ID4v15h.html,Odświeżono dnia 05 maja 2025,other,0.0,0,mieszkanie warszawa,2025-05-07 15:52:35
No Title,"Warszawa, Wilanów",845 000 zł,845000.0,https://www.olx.pl/d/oferta/gotowe-do-zamieszkania-mieszkanie-2-pokoje-w-wilanowie-garaz-w-cenie-CID3-ID15FJSa.html,05 maja 2025,other,0.0,0,mieszkanie warszawa,2025-05-07 15:52:35
No Title,"Warszawa, Mokotów",3 200 zł,3200.0,https://www.olx.pl/d/oferta/przytulne-mieszkanie-mokotow-CID3-ID13V9OT.html,Odświeżono dnia 05 maja 2025,other,0.0,0,mieszkanie warszawa,2025-05-07 15:52:35
No Title,"Warszawa, Targówek",850 000 zł,850000.0,https://www.otodom.pl/pl/oferta/3-pokojowe-mieszkanie-z-dwoma-ogrodkami-zacisze-wilno-warszawa-ID4vcho.html,01 maja 2025,other,0.0,0,mieszkanie warszawa,2025-05-07 15:52:35
No Title,"Warszawa, Bemowo",2 030 zł,2030.0,https://www.otodom.pl/pl/oferta/bez-prowizji-mieszkanie-typu-studio-ID4vaqX.html,Odświeżono Dzisiaj o 15:23,other,0.0,0,mieszkanie warszawa,2025-05-07 15:52:35
No Title,"Warszawa, Ursus",2 999 zł,2999.0,https://www.otodom.pl/pl/oferta/komfortowe-2-pokojowe-mieszkanie-z-garazem-ID4wZal.html,16 kwietnia 2025,other,0.0,0,mieszkanie warszawa,2025-05-07 15:52:35
No Title,"Warszawa, Ochota",2 500 złdo negocjacji,2500.0,https://www.olx.pl/d/oferta/mieszkanie-na-wynajem-ul-bruna-warszawa-CID3-ID15HOMX.html,06 maja 2025,other,0.0,0,mieszkanie warszawa,2025-05-07 15:52:35
No Title,"Warszawa, Praga-Południe",3 500 zł,3500.0,https://www.otodom.pl/pl/oferta/mieszkanie-goclaw-nowe-budownictwo-wyzszy-standa-ID4uYmm.html,Odświeżono dnia 04 maja 2025,other,0.0,0,mieszkanie warszawa,2025-05-07 15:52:35
No Title,"Warszawa, Mokotów",1 800 zł,1800.0,https://www.olx.pl/d/oferta/1-osobowy-pokoj-do-wynajecia-CID3-ID15HUGT.html,Dzisiaj o 01:02,other,0.0,0,mieszkanie warszawa,2025-05-07 15:52:35
No Title,"Warszawa, Mokotów",1 290 zł,1290.0,https://www.olx.pl/d/oferta/duzy-pokoj-z-balkonem-w-mieszkaniu-3-pokojowym-przy-galerii-mokotow-CID3-ID15H43x.html,06 maja 2025,other,0.0,0,mieszkanie warszawa,2025-05-07 15:52:35
No Title,"Warszawa, Śródmieście",0 zł,0.0,https://www.olx.pl/d/oferta/oferuje-meldunek-na-pobyt-staly-lub-czasowy-100-proc-legalnie-CID4371-ID15ypzB.html,Odświeżono Dzisiaj o 13:47,other,0.0,0,mieszkanie warszawa,2025-05-07 15:52:35
No Title,"Warszawa, Ursus",3 100 zł,3100.0,https://www.otodom.pl/pl/oferta/bezposrednio-mieszkanie-2-pokojowe-ursus-parking-gratis-ID4vf4w.html,05 maja 2025,other,0.0,0,mieszkanie warszawa,2025-05-07 15:52:35
No Title,"Warszawa, Ochota",500 000 zł,500000.0,https://www.otodom.pl/pl/oferta/bezposrednio-mieszkanie-na-ochocie-ID4v2B9.html,20 kwietnia 2025,other,0.0,0,mieszkanie warszawa,2025-05-07 15:52:35
No Title,"Warszawa, Białołęka",3 200 złdo negocjacji,3200.0,https://www.olx.pl/d/oferta/wynajme-nowe-2-pokojowe-mieszkanie-bialoleka-ul-pavarottiego-CID3-IDIsQnQ.html,06 maja 2025,other,0.0,0,mieszkanie warszawa,2025-05-07 15:52:35
No Title,"Warszawa, Mokotów",3 300 zł,3300.0,https://www.olx.pl/d/oferta/bp-do-wynajecia-mieszkanie-2-pokojowe-mokotow-stegny-CID3-ID15cD2B.html,30 kwietnia 2025,other,0.0,0,mieszkanie warszawa,2025-05-07 15:52:35
No Title,"Warszawa, Wola",4 340 zł,4340.0,https://www.otodom.pl/pl/oferta/wyjatkowe-2-pokojowe-mieszkanie-w-znanej-kamienicy-ID4uEd2.html,Odświeżono dnia 04 maja 2025,other,0.0,0,mieszkanie warszawa,2025-05-07 15:52:35
No Title,"Warszawa, Mokotów",0 zł,0.0,https://www.olx.pl/d/oferta/remont-lazienka-mieszkanie-warszawa-glazurnik-malowanie-zlecenia-CID4371-ID15btYc.html,Odświeżono dnia 06 maja 2025,other,0.0,0,mieszkanie warszawa,2025-05-07 15:52:35
No Title,"Warszawa, Ursynów",670 000 zł,670000.0,https://www.otodom.pl/pl/oferta/ustawne-mieszkanie-w-zielonej-czesci-ursynowa-ID4wI7W.html,Dzisiaj o 11:07,other,0.0,0,mieszkanie warszawa,2025-05-07 15:52:35
No Title,"Warszawa, Bielany",3 000 zł,3000.0,https://www.olx.pl/d/oferta/dwupokojowe-mieszkanie-na-wynajem-ul-ksiezycowa-bielany-CID3-ID15HqTh.html,06 maja 2025,other,0.0,0,mieszkanie warszawa,2025-05-07 15:52:35
No Title,"Warszawa, Bielany",700 zł,700.0,https://www.olx.pl/d/oferta/pokoj-do-wynajecia-do-wynajecia-700zl-bez-kaucji-CID3-IDYyGXA.html,Odświeżono dnia 04 maja 2025,other,0.0,0,mieszkanie warszawa,2025-05-07 15:52:35
No Title,"Warszawa, Bemowo",2 460 zł,2460.0,https://www.otodom.pl/pl/oferta/mieszkanie-typu-studio-z-balkonem-ID4va00.html,29 kwietnia 2025,other,0.0,0,mieszkanie warszawa,2025-05-07 15:52:35
No Title,"Warszawa, Bemowo",3 600 zł,3600.0,https://www.otodom.pl/pl/oferta/3-pokojowe-mieszkanie-z-ogrodkiem-bemowo-ul-klemensiewicza-ID4vcVs.html,02 maja 2025,other,0.0,0,mieszkanie warszawa,2025-05-07 15:52:35
No Title,"Warszawa, Włochy",3 500 zł,3500.0,https://www.olx.pl/d/oferta/mieszkanie-2-pokojowe-57m-bezposrednio-ul-fasolowa-wlochy-CID3-ID15Fwld.html,04 maja 2025,other,0.0,0,mieszkanie warszawa,2025-05-07 15:52:35
No Title,"Warszawa, Mokotów",2 800 zł,2800.0,https://www.olx.pl/d/oferta/mieszkanie-mokotow-gorny-CID3-ID15G7ya.html,05 maja 2025,other,0.0,0,mieszkanie warszawa,2025-05-07 15:52:35
No Title,"Warszawa, Żoliborz",2 700 zł,2700.0,https://www.olx.pl/d/oferta/2-pokojowy-apartament-na-zoliborzu-garderoba-ogrodek-klimatyzacja-CID3-ID15Hwm4.html,06 maja 2025,other,0.0,0,mieszkanie warszawa,2025-05-07 15:52:35
No Title,"Warszawa, Mokotów",2 700 zł,2700.0,https://www.otodom.pl/pl/oferta/nowoczesne-mieszkanie-w-sercu-mokotowa-ID4wZLz.html,16 kwietnia 2025,other,0.0,0,mieszkanie warszawa,2025-05-07 15:52:35
No Title,"Warszawa, Bielany",559 000 zł,559000.0,https://www.otodom.pl/pl/oferta/mieszkanie-37m2-warszawa-ul-wrzeciono-3-ID4wGsT.html,27 kwietnia 2025,other,0.0,0,mieszkanie warszawa,2025-05-07 15:52:44
No Title,"Warszawa, Bemowo",2 900 zł,2900.0,https://www.olx.pl/d/oferta/nowoczesne-mieszkanie-do-wynajecia-warszawa-bemowo-CID3-ID15x7jf.html,23 kwietnia 2025,other,0.0,0,mieszkanie warszawa,2025-05-07 15:52:44
No Title,"Warszawa, Białołęka",2 600 zł,2600.0,https://www.olx.pl/d/oferta/mieszkanie-3-pietro-35m2-bialoleka-ul-szlachecka-nowy-blok-winda-CID3-ID153dkn.html,Odświeżono dnia 06 maja 2025,other,0.0,0,mieszkanie warszawa,2025-05-07 15:52:44
No Title,"Warszawa, Wola",2 700 zł,2700.0,https://www.otodom.pl/pl/oferta/mieszkanie-wola-ludwiki-bema-wolska-2-pokoje-40-ID4rqn8.html,28 kwietnia 2025,other,0.0,0,mieszkanie warszawa,2025-05-07 15:52:44
No Title,"Warszawa, Żoliborz",3 000 złdo negocjacji,3000.0,https://www.olx.pl/d/oferta/wynajme-mieszkanie-3-pokojowe-na-zoliborzu-CID3-ID15Gb1q.html,05 maja 2025,other,0.0,0,mieszkanie warszawa,2025-05-07 15:52:44
No Title,"Warszawa, Bemowo",698 000 zł,698000.0,https://www.otodom.pl/pl/oferta/fort-bema-mieszkanie-przy-wejsciu-do-parku-ID4vd8v.html,06 maja 2025,other,0.0,0,mieszkanie warszawa,2025-05-07 15:52:44
No Title,"Warszawa, Włochy",1 040 000 zł,1040000.0,https://www.otodom.pl/pl/oferta/przestronne-mieszkanie-70m2-z-duzym-tarasem-ID4woo0.html,Dzisiaj o 11:10,other,0.0,0,mieszkanie warszawa,2025-05-07 15:52:44
No Title,"Warszawa, Bielany",500 000 zł,500000.0,https://www.otodom.pl/pl/oferta/mieszkanie-dla-atywnych-ID4vamN.html,06 maja 2025,other,0.0,0,mieszkanie warszawa,2025-05-07 15:52:44
No Title,"Warszawa, Mokotów",2 700 zł,2700.0,https://www.otodom.pl/pl/oferta/nowe-mieszkanie-typu-studio-obok-metro-wilanowska-ID4v3je.html,22 kwietnia 2025,other,0.0,0,mieszkanie warszawa,2025-05-07 15:52:44
No Title,"Warszawa, Śródmieście",655 000 zł,655000.0,https://www.otodom.pl/pl/oferta/metro-zielna-45-2-oddzielne-pokoje-ID4veSw.html,05 maja 2025,other,0.0,0,mieszkanie warszawa,2025-05-07 15:52:44
No Title,"Warszawa, Bemowo",2 030 zł,2030.0,https://www.otodom.pl/pl/oferta/bez-prowizji-mieszkanie-typu-studio-ID4v9ve.html,28 kwietnia 2025,other,0.0,0,mieszkanie warszawa,2025-05-07 15:52:44
No Title,"Warszawa, Wola",3 600 zł,3600.0,https://www.otodom.pl/pl/oferta/widne-mieszkanie-dostepne-od-teraz-okolice-jana-kazimierza-duzy-balkon-ID4vd1C.html,03 maja 2025,other,0.0,0,mieszkanie warszawa,2025-05-07 15:52:44
No Title,"Warszawa, Białołęka",2 750 zł,2750.0,https://www.otodom.pl/pl/oferta/nowoczesne-dwupokojowe-mieszkanie-z-balkonem-ID4v4DJ.html,23 kwietnia 2025,other,0.0,0,mieszkanie warszawa,2025-05-07 15:52:44
No Title,"Warszawa, Wola",699 999 zł,699999.0,https://www.otodom.pl/pl/oferta/mieszkanie-kolo-wola-danuty-siedzikowny-2pok-ID4wZfJ.html,Odświeżono dnia 06 maja 2025,other,0.0,0,mieszkanie warszawa,2025-05-07 15:52:44
No Title,"Warszawa, Targówek",750 000 zł,750000.0,https://www.olx.pl/d/oferta/mieszkanie-glebocka-wykonczone-45-metrow-duzy-balkon-CID3-IDTCQ6f.html,05 maja 2025,other,0.0,0,mieszkanie warszawa,2025-05-07 15:52:44
No Title,"Warszawa, Praga-Północ",3 100 zł,3100.0,https://www.olx.pl/d/oferta/do-wynajecia-przytulne-mieszkanie-na-pradze-polnoc-CID3-ID15ks31.html,08 kwietnia 2025,other,0.0,0,mieszkanie warszawa,2025-05-07 15:52:44
No Title,"Warszawa, Śródmieście",3 700 zł,3700.0,https://www.olx.pl/d/oferta/mieszkanie-warszawa-do-wynajecia-CID3-IDVxYVp.html,10 kwietnia 2025,other,0.0,0,mieszkanie warszawa,2025-05-07 15:52:44
No Title,"Warszawa, Żoliborz",6 500 zł,6500.0,https://www.otodom.pl/pl/oferta/duze-mieszkanie-4-pokoje-blisko-placu-wilsona-zoliborz-dla-rodziny-ID4vagk.html,29 kwietnia 2025,other,0.0,0,mieszkanie warszawa,2025-05-07 15:52:44
No Title,"Warszawa, Praga-Południe",120  zł/za dobę,120.0,https://www.olx.pl/d/oferta/mieszkanie-na-godziny-i-noce-warszawa-praga-przy-promenadzie-CID1816-IDG2ECu.html,17 kwietnia 2025,other,0.0,0,mieszkanie warszawa,2025-05-07 15:52:44
No Title,"Warszawa, Ursynów",560 000 zł,560000.0,https://www.otodom.pl/pl/oferta/mieszkanie-balkon-i-garaz-podziemny-ursynow-ID4veYe.html,06 maja 2025,other,0.0,0,mieszkanie warszawa,2025-05-07 15:52:44
No Title,"Warszawa, Ursynów",1 300 zł,1300.0,https://www.olx.pl/d/oferta/duzy-pokoj-z-balkonem-mieszkanie-3-pokojowe-metro-CID3-ID15GeBW.html,05 maja 2025,other,0.0,0,mieszkanie warszawa,2025-05-07 15:52:44
No Title,"Warszawa, Ursus",900 000 zł,900000.0,https://www.otodom.pl/pl/oferta/4-pokojowe-mieszkanie-warszawa-ursus-ID4wUJ8.html,11 kwietnia 2025,other,0.0,0,mieszkanie warszawa,2025-05-07 15:52:44
No Title,"Warszawa, Bielany",1 900 zł,1900.0,https://www.otodom.pl/pl/oferta/kawalerka-przy-agorze-metro-mlociny-garaz-winda-komorka-lokatorska-ID4vgo5.html,Dzisiaj o 10:57,other,0.0,0,mieszkanie warszawa,2025-05-07 15:52:44
No Title,"Warszawa, Wesoła",879 000 zł,879000.0,https://www.otodom.pl/pl/oferta/3-pokojowe-mieszkanie-z-duzym-tarasem-stara-milosna-warszawa-ID4vdx6.html,04 maja 2025,other,0.0,0,mieszkanie warszawa,2025-05-07 15:52:44
No Title,"Warszawa, Wola",3 500 zł,3500.0,https://www.otodom.pl/pl/oferta/mieszkanie-2-pok-na-woli-garaz-ochrona-ID3wUjK.html,02 maja 2025,other,0.0,0,mieszkanie warszawa,2025-05-07 15:52:44
No Title,"Warszawa, Żoliborz",1 200 zł,1200.0,https://www.olx.pl/d/oferta/pokoj-do-wynajecia-od-zaraz-na-zoliborzu-CID3-ID15xGeA.html,24 kwietnia 2025,other,0.0,0,mieszkanie warszawa,2025-05-07 15:52:44
No Title,"Warszawa, Ursynów",3 100 zł,3100.0,https://www.olx.pl/d/oferta/gustowne-mieszkanie-tuz-przy-parku-z-parkingiem-za-szlabanem-i-winda-CID3-ID15xW3s.html,Odświeżono dnia 05 maja 2025,other,0.0,0,mieszkanie warszawa,2025-05-07 15:52:44
No Title,"Warszawa, Włochy",649 000 złdo negocjacji,649000.0,https://www.olx.pl/d/oferta/mieszkanie-2-pokojowe-CID3-ID155FrJ.html,Odświeżono dnia 06 maja 2025,other,0.0,0,mieszkanie warszawa,2025-05-07 15:52:44
No Title,"Warszawa, Włochy",3 500 zł,3500.0,https://www.olx.pl/d/oferta/warszawa-wlochy-2-pok-klimatyzowane-mieszkanie-z-widokiem-na-park-CID3-ID14NmIh.html,07 kwietnia 2025,other,0.0,0,mieszkanie warszawa,2025-05-07 15:52:44
No Title,"Warszawa, Ursus",3 000 zł,3000.0,https://www.otodom.pl/pl/oferta/bezposr-mieszkanie-2pok-54m2-z-garazem-w-cenie-ID4fdw6.html,02 maja 2025,other,0.0,0,mieszkanie warszawa,2025-05-07 15:52:44
No Title,"Warszawa, Śródmieście",200  zł/za dobę,200.0,https://www.olx.pl/d/oferta/mieszkanie-3-pokojowe-centrum-onz-panska-61-CID1816-IDTeQjg.html,15 kwietnia 2025,other,0.0,0,mieszkanie warszawa,2025-05-07 15:52:44
No Title,"Warszawa, Wilanów",4 500 zł,4500.0,https://www.otodom.pl/pl/oferta/kieslowskiego-wilanow-odswiezone-mieszkanie-50m2-ID4qmpu.html,03 maja 2025,other,0.0,0,mieszkanie warszawa,2025-05-07 15:52:44
No Title,Warszawa,3 900 zł,3900.0,https://www.otodom.pl/pl/oferta/do-wynajecia-3-pokojowe-mieszkanie-na-targowku-od-zaraz-ID4veJp.html,05 maja 2025,other,0.0,0,mieszkanie warszawa,2025-05-07 15:52:44
No Title,"Warszawa, Mokotów",950 zł,950.0,https://www.olx.pl/d/oferta/pokoj-do-wynajecia-na-mokotowie-CID3-ID15Hvx8.html,06 maja 2025,other,0.0,0,mieszkanie warszawa,2025-05-07 15:52:44
No Title,"Warszawa, Praga-Południe",3 100 zł,3100.0,https://www.otodom.pl/pl/oferta/2pokojowe-mieszkanie-w-okolicach-ronda-wiatraczna-ID4cAIq.html,20 kwietnia 2025,other,0.0,0,mieszkanie warszawa,2025-05-07 15:52:44
No Title,"Warszawa, Ursynów",945 000 zł,945000.0,https://www.otodom.pl/pl/oferta/bezposrednio-mieszkanie-na-ursynowie-z-widokiem-na-las-kabacki-ID4vcw7.html,01 maja 2025,other,0.0,0,mieszkanie warszawa,2025-05-07 15:52:44
No Title,"Warszawa, Wola",3 400 zł,3400.0,https://www.olx.pl/d/oferta/wynajme-mieszkanie-37m2-CID3-ID15gU3A.html,01 maja 2025,other,0.0,0,mieszkanie warszawa,2025-05-07 15:52:44
No Title,"Warszawa, Praga-Południe",3 200 zł,3200.0,https://www.otodom.pl/pl/oferta/wynajme-bezposrednio-mieszkanie-w-budynku-aura-sky-ID4vffn.html,06 maja 2025,other,0.0,0,mieszkanie warszawa,2025-05-07 15:52:44
No Title,"Warszawa, Białołęka",3 000 złdo negocjacji,3000.0,https://www.olx.pl/d/oferta/zupelnie-nowe-przy-trasie-torunskiej-CID3-ID15Hl6Q.html,06 maja 2025,other,0.0,0,mieszkanie warszawa,2025-05-07 15:52:44
No Title,"Warszawa, Wola",5 000 zł,5000.0,https://www.otodom.pl/pl/oferta/eleganckie-mieszkanie-w-mennicy-residence-ID4sWwW.html,Odświeżono dnia 05 maja 2025,other,0.0,0,mieszkanie warszawa,2025-05-07 15:52:44
No Title,"Warszawa, Wola",3 500 zł,3500.0,https://www.olx.pl/d/oferta/mieszkanie-56-m2-wola-metro-dwa-odzielne-pokoje-i-balkony-garaz-CID3-ID15Fx3A.html,04 maja 2025,other,0.0,0,mieszkanie warszawa,2025-05-07 15:52:44
No Title,"Warszawa, Ursus",3 500 zł,3500.0,https://www.olx.pl/d/oferta/nowoczesne-mieszkanie-60-m-warszawa-ursus-do-wynajecia-CID3-ID15yOxj.html,25 kwietnia 2025,other,0.0,0,mieszkanie warszawa,2025-05-07 15:52:44
No Title,"Warszawa, Białołęka",895 000 zł,895000.0,https://www.otodom.pl/pl/oferta/luksusowe-mieszkanie-z-duzym-ogrodem-i-garazem-ID4v2mc.html,28 kwietnia 2025,other,0.0,0,mieszkanie warszawa,2025-05-07 15:52:44
No Title,"Warszawa, Śródmieście",5 500 złdo negocjacji,5500.0,https://www.olx.pl/d/oferta/przestronne-mieszkanie-poznanska-bezposrednio-kamienica-CID3-ID15I7SU.html,Dzisiaj o 13:09,other,0.0,0,mieszkanie warszawa,2025-05-07 15:52:44
No Title,"Warszawa, Bemowo",999 000 zł,999000.0,https://www.otodom.pl/pl/oferta/-ID4vfhf.html,06 maja 2025,other,0.0,0,mieszkanie warszawa,2025-05-07 15:52:44
No Title,"Warszawa, Wola",3 480 zł,3480.0,https://www.olx.pl/d/oferta/mieszkania-do-wynajecia-ul-wolska-warszawa-CID3-ID15Atow.html,27 kwietnia 2025,other,0.0,0,mieszkanie warszawa,2025-05-07 15:52:44
No Title,"Warszawa, Śródmieście",3 500 zł,3500.0,https://www.olx.pl/d/oferta/mieszkanie-2-pok-45m2-powisle-okrag-warszawa-CID3-ID15FVgl.html,05 maja 2025,other,0.0,0,mieszkanie warszawa,2025-05-07 15:52:44
No Title,"Warszawa, Bielany",2 800 złdo negocjacji,2800.0,https://www.olx.pl/d/oferta/olechow-62m2-3-pokoje-CID3-ID15HWxK.html,Dzisiaj o 01:21,other,0.0,0,mieszkanie warszawa,2025-05-07 15:52:44
No Title,"Warszawa, Bielany",510 000 zł,510000.0,https://www.otodom.pl/pl/oferta/mieszkanie-2-pokoje-blisko-metra-ID4wIRN.html,05 maja 2025,other,0.0,0,mieszkanie warszawa,2025-05-07 15:52:44
No Title,"Warszawa, Bielany",4 100 zł,4100.0,https://www.olx.pl/d/oferta/wynajme-mieszkanie-bielany-CID3-ID15H24I.html,06 maja 2025,other,0.0,0,mieszkanie warszawa,2025-05-07 15:52:44
No Title,"Warszawa, Praga-Północ",2 600 zł,2600.0,https://www.olx.pl/d/oferta/kawalerka-port-praski-metro-wilenska-mieszkanie-wynajem-praga-CID3-ID15EkLD.html,02 maja 2025,other,0.0,0,mieszkanie warszawa,2025-05-07 15:52:44
No Title,"Warszawa, Targówek",2 800 zł,2800.0,https://www.olx.pl/d/oferta/targowek-ul-krzewna-CID3-ID15Hs7p.html,06 maja 2025,other,0.0,0,mieszkanie warszawa,2025-05-07 15:52:44
No Title,"Warszawa, Praga-Południe",3 200 zł,3200.0,https://www.olx.pl/d/oferta/mieszkanie-na-wynajem-rondo-wiatraczna-CID3-ID1543Rk.html,Odświeżono dnia 04 maja 2025,other,0.0,0,mieszkanie warszawa,2025-05-07 15:52:53
No Title,"Warszawa, Bielany",848 000 zł,848000.0,https://www.otodom.pl/pl/oferta/mieszkanie-51mpo-remoncie4pokojebalkonpiwnica-ID4v3Y7.html,Odświeżono dnia 05 maja 2025,other,0.0,0,mieszkanie warszawa,2025-05-07 15:52:53
No Title,"Warszawa, Ursynów",2 700 zł,2700.0,https://www.olx.pl/d/oferta/wynajem-mieszkania-warszawa-ursynow-CID3-ID15DpTm.html,Odświeżono Dzisiaj o 15:28,other,0.0,0,mieszkanie warszawa,2025-05-07 15:52:53
No Title,"Warszawa, Ursynów",1 500 zł,1500.0,https://www.olx.pl/d/oferta/pokoj-jak-kawalerka-29mkw-dla-1-lub-2-osob-blisko-sggw-metro-imielin-CID3-ID15HVv1.html,Dzisiaj o 01:47,other,0.0,0,mieszkanie warszawa,2025-05-07 15:52:53
No Title,"Warszawa, Bemowo",3 700 zł,3700.0,https://www.otodom.pl/pl/oferta/dwupokojowe-mieszkanie-z-pom-uzytkowym-w-cenie-ul-pelczynskiego-ID4vezB.html,05 maja 2025,other,0.0,0,mieszkanie warszawa,2025-05-07 15:52:53
No Title,"Warszawa, Mokotów",2 600 złdo negocjacji,2600.0,https://www.olx.pl/d/oferta/wynajem-mieszkania-gotowe-do-zamieszkania-dobry-punkt-CID3-ID156Pl0.html,Odświeżono dnia 05 maja 2025,other,0.0,0,mieszkanie warszawa,2025-05-07 15:52:53
No Title,"Warszawa, Mokotów",4 870 zł,4870.0,https://www.olx.pl/d/oferta/3-pokoje-bezposrednio-bez-prowizji-pets-friendly-CID3-ID15HkhA.html,06 maja 2025,other,0.0,0,mieszkanie warszawa,2025-05-07 15:52:53
No Title,"Warszawa, Bemowo",4 000 zł,4000.0,https://www.otodom.pl/pl/oferta/mieszkanie-z-balkonem-garazem-i-klimatyzacja-ID4velS.html,05 maja 2025,other,0.0,0,mieszkanie warszawa,2025-05-07 15:52:53
No Title,"Warszawa, Bemowo",560 000 zł,560000.0,https://www.otodom.pl/pl/oferta/2-pokojowe-mieszkanie-z-oddzielna-kuchnia-ID4v4Aw.html,28 kwietnia 2025,other,0.0,0,mieszkanie warszawa,2025-05-07 15:52:53
No Title,"Warszawa, Śródmieście",15  zł/za dobę,15.0,https://www.olx.pl/d/oferta/nowy-hostel-w-warszawie-otwarcie-pokoje-tanie-mieszkanie-CID1816-ID15oWkm.html,Odświeżono dnia 04 maja 2025,other,0.0,0,mieszkanie warszawa,2025-05-07 15:52:53
No Title,"Warszawa, Śródmieście",3 200 zł,3200.0,https://www.olx.pl/d/oferta/mieszkanie-powisle-piekny-niepowtarzalny-widok-na-wisle-CID3-ID15HX6t.html,Dzisiaj o 02:07,other,0.0,0,mieszkanie warszawa,2025-05-07 15:52:53
No Title,"Warszawa, Wilanów",Za darmo,0.0,https://www.olx.pl/d/oferta/grzejnik-lazienkowy-z-mieszkania-od-dewelopera-59x167-cm-CID628-ID14BmVl.html,26 kwietnia 2025,other,0.0,0,mieszkanie warszawa,2025-05-07 15:52:53
No Title,"Warszawa, Praga-Południe",4 600 złdo negocjacji,4600.0,https://www.olx.pl/d/oferta/mieszkanie-do-wynajecia-3-pokoje-63-m2-grochow-CID3-ID15HVMV.html,Dzisiaj o 01:53,other,0.0,0,mieszkanie warszawa,2025-05-07 15:52:53
No Title,"Warszawa, Mokotów",800 000 złdo negocjacji,800000.0,https://www.olx.pl/d/oferta/mieszkanie-55-9-na-dolnym-mokotowie-super-lokalizacja-CID3-ID14XIUQ.html,Odświeżono dnia 05 maja 2025,other,0.0,0,mieszkanie warszawa,2025-05-07 15:52:53
No Title,"Warszawa, Bemowo",3 800 zł,3800.0,https://www.olx.pl/d/oferta/na-wynajem-3-pokojowe-mieszkanie-z-ogrodem-osiedle-dekada-bemowo-CID3-ID15FDzs.html,04 maja 2025,other,0.0,0,mieszkanie warszawa,2025-05-07 15:52:53
No Title,"Warszawa, Ochota",2 122 125 złdo negocjacji,2122125.0,https://www.olx.pl/d/oferta/klimatyczne-mieszkanie-w-kamienicy-103-65m-CID3-ID12Lu3e.html,05 maja 2025,other,0.0,0,mieszkanie warszawa,2025-05-07 15:52:53
No Title,"Warszawa, Śródmieście",3 200 zł,3200.0,https://www.otodom.pl/pl/oferta/mieszkanie-na-powislu-z-dostepem-tarasu-na-dachu-ID4wBBI.html,15 kwietnia 2025,other,0.0,0,mieszkanie warszawa,2025-05-07 15:52:53
No Title,"Warszawa, Praga-Południe",4 200 zł,4200.0,https://www.otodom.pl/pl/oferta/-ID4vf72.html,06 maja 2025,other,0.0,0,mieszkanie warszawa,2025-05-07 15:52:53
No Title,"Warszawa, Śródmieście",2 900 zł,2900.0,https://www.olx.pl/d/oferta/2-pokojowe-mieszkanie-ul-dzielna-idealne-dla-singla-lub-pary-CID3-ID15HixP.html,06 maja 2025,other,0.0,0,mieszkanie warszawa,2025-05-07 15:52:53
No Title,"Warszawa, Praga-Południe",529 000 zł,529000.0,https://www.otodom.pl/pl/oferta/dwupokojowe-mieszkanie-na-pradze-poludnie-ID4wXVl.html,23 kwietnia 2025,other,0.0,0,mieszkanie warszawa,2025-05-07 15:52:53
No Title,"Warszawa, Wola",4 000 zł,4000.0,https://www.olx.pl/d/oferta/duze-65m2-3-pok-mieszkanie-blisko-ronda-daszynskiego-CID3-ID15Dddc.html,01 maja 2025,other,0.0,0,mieszkanie warszawa,2025-05-07 15:52:53
No Title,"Warszawa, Śródmieście",3 899 zł,3899.0,https://www.otodom.pl/pl/oferta/wynajme-luksusowe-mieszkanie-z-miejscem-postojowym-ID4wYmh.html,15 kwietnia 2025,other,0.0,0,mieszkanie warszawa,2025-05-07 15:52:53
No Title,"Warszawa, Wola",3 300 zł,3300.0,https://www.olx.pl/d/oferta/mieszkanie-przy-metro-mlynow-CID3-ID14fr2O.html,04 maja 2025,other,0.0,0,mieszkanie warszawa,2025-05-07 15:52:53
No Title,"Warszawa, Mokotów",780 000 zł,780000.0,https://www.otodom.pl/pl/oferta/-ID4vcji.html,01 maja 2025,other,0.0,0,mieszkanie warszawa,2025-05-07 15:52:53
No Title,"Warszawa, Ursynów",1 084 000 zł,1084000.0,https://www.otodom.pl/pl/oferta/sprzedam-mieszkanie-4-pok-80m2-garaz-1996-r-w-wa-ursynow-ul-roentgena-ID4vbV9.html,30 kwietnia 2025,other,0.0,0,mieszkanie warszawa,2025-05-07 15:52:53
No Title,"Warszawa, Praga-Północ",2 350 zł,2350.0,https://www.otodom.pl/pl/oferta/nowe-mieszkanie-okazja-3400-media-metro-koneser-balkon-ID4wQeI.html,10 kwietnia 2025,other,0.0,0,mieszkanie warszawa,2025-05-07 15:52:53
No Title,"Warszawa, Ochota",3 500 zł,3500.0,https://www.olx.pl/d/oferta/dostepne-od-czerwca-dwupokojowe-mieszkanie-ochota-korotynskiego-17-CID3-ID15zte5.html,Odświeżono dnia 02 maja 2025,other,0.0,0,mieszkanie warszawa,2025-05-07 15:52:53
No Title,"Warszawa, Białołęka",2 900 złdo negocjacji,2900.0,https://www.olx.pl/d/oferta/bezposrednio-nowe-mieszkania-2-pokoje-bialoleka-CID3-ID13oboQ.html,Odświeżono dnia 06 maja 2025,other,0.0,0,mieszkanie warszawa,2025-05-07 15:52:53
No Title,"Warszawa, Ursus",3 200 zł,3200.0,https://www.olx.pl/d/oferta/wynajme-bezposrednio-mieszkanie-CID3-ID15HloN.html,06 maja 2025,other,0.0,0,mieszkanie warszawa,2025-05-07 15:52:53
No Title,"Warszawa, Bemowo",749 000 zł,749000.0,https://www.otodom.pl/pl/oferta/3-pokojowe-mieszkanie-z-balkonem-na-bemowie-ID4wrWA.html,Dzisiaj o 11:46,other,0.0,0,mieszkanie warszawa,2025-05-07 15:52:53
No Title,"Warszawa, Bielany",2 400 zł,2400.0,https://www.otodom.pl/pl/oferta/kawalerka-z-wydzielona-sypialnia-przy-metro-mlociny-do-wynajecia-ID4vdbo.html,03 maja 2025,other,0.0,0,mieszkanie warszawa,2025-05-07 15:52:53
No Title,"Warszawa, Wola",7 000 zł,7000.0,https://www.olx.pl/d/oferta/mieszkanie-70mkw-19-dzielnica-CID3-ID15HCd6.html,06 maja 2025,other,0.0,0,mieszkanie warszawa,2025-05-07 15:52:53
No Title,"Warszawa, Ochota",3 150 zł,3150.0,https://www.olx.pl/d/oferta/przytulne-mieszkanie-w-centrum-CID3-ID15A9T1.html,27 kwietnia 2025,other,0.0,0,mieszkanie warszawa,2025-05-07 15:52:53
No Title,"Warszawa, Śródmieście",3 500 zł,3500.0,https://www.olx.pl/d/oferta/2-pokojowe-mieszkanie-na-wynajem-praga-poludnie-ul-zupnicza-21-CID3-ID15GX9i.html,06 maja 2025,other,0.0,0,mieszkanie warszawa,2025-05-07 15:52:53
No Title,"Warszawa, Żoliborz","4 357,07 zł",4357.07,https://www.otodom.pl/pl/oferta/sloneczne-mieszkanie-3-pokojowe-z-ogrodem-ID4wSAJ.html,15 kwietnia 2025,other,0.0,0,mieszkanie warszawa,2025-05-07 15:52:53
No Title,"Warszawa, Wola",789 000 zł,789000.0,https://www.otodom.pl/pl/oferta/sloneczne-i-przestronne-mieszkanie-w-kamienicy-ID4wRL8.html,Odświeżono dnia 15 kwietnia 2025,other,0.0,0,mieszkanie warszawa,2025-05-07 15:52:53
No Title,"Warszawa, Włochy",3 375 zł,3375.0,https://www.otodom.pl/pl/oferta/przestronne-mieszkanie-na-wlochach-spacious-1bed-ID4v2dg.html,Odświeżono dnia 06 maja 2025,other,0.0,0,mieszkanie warszawa,2025-05-07 15:52:53
No Title,"Warszawa, Mokotów",2 500 zł,2500.0,https://www.otodom.pl/pl/oferta/mieszkanie-kwota-zawiera-czynsz-ID4wTiZ.html,10 kwietnia 2025,other,0.0,0,mieszkanie warszawa,2025-05-07 15:52:53
No Title,"Warszawa, Praga-Południe",3 199 zł,3199.0,https://www.olx.pl/d/oferta/nowe-mieszkanie-2-pok-36m2-od-15-05-praga-poludnie-drwecka-CID3-ID15Hlcx.html,Odświeżono Dzisiaj o 15:52,other,0.0,0,mieszkanie warszawa,2025-05-07 15:52:53
No Title,"Warszawa, Wola",690 000 zł,690000.0,https://www.olx.pl/d/oferta/sloneczne-dwustronne-mieszkanie-38-m-muranow-CID3-ID15HLBB.html,06 maja 2025,other,0.0,0,mieszkanie warszawa,2025-05-07 15:52:53
No Title,"Warszawa, Praga-Północ",869 000 złdo negocjacji,869000.0,https://www.olx.pl/d/oferta/mieszkanie-35-62-m-w-sercu-pragi-bezposrednio-blisko-metro-CID3-ID15jXHQ.html,Odświeżono dnia 04 maja 2025,other,0.0,0,mieszkanie warszawa,2025-05-07 15:52:53
No Title,"Warszawa, Wola",690 000 zł,690000.0,https://www.olx.pl/d/oferta/ulica-gibalskiego-1-mieszkanie-dwupokojowe-36-mkw-z-balkonem-2-pietro-CID3-ID15F5pC.html,04 maja 2025,other,0.0,0,mieszkanie warszawa,2025-05-07 15:52:53
No Title,"Warszawa, Praga-Północ",5 500 zł,5500.0,https://www.otodom.pl/pl/oferta/-ID4vdSh.html,05 maja 2025,other,0.0,0,mieszkanie warszawa,2025-05-07 15:52:53
No Title,"Warszawa, Ursynów",1 090 000 zł,1090000.0,https://www.otodom.pl/pl/oferta/mieszkanie-115-m2-ursynow-ogrod-126-m2-ID4vfAB.html,06 maja 2025,other,0.0,0,mieszkanie warszawa,2025-05-07 15:52:53
No Title,"Warszawa, Praga-Południe",3 100 zł,3100.0,https://www.otodom.pl/pl/oferta/mieszkanie-2-pokojowe-bezposrednio-ID4veHP.html,05 maja 2025,other,0.0,0,mieszkanie warszawa,2025-05-07 15:52:53
No Title,"Warszawa, Mokotów",615 000 zł,615000.0,https://www.otodom.pl/pl/oferta/2-pokojowe-mieszkanie-z-winda-ul-niegocinska-5-mokotow-warszawa-ID4vdSB.html,05 maja 2025,other,0.0,0,mieszkanie warszawa,2025-05-07 15:52:53
No Title,"Warszawa, Mokotów",1 350 złdo negocjacji,1350.0,https://www.olx.pl/d/oferta/pokoj-do-wynajecia-galeria-mokotow-CID3-IDZ6wGR.html,Odświeżono Dzisiaj o 12:07,other,0.0,0,mieszkanie warszawa,2025-05-07 15:52:53
No Title,"Warszawa, Mokotów",4 870 zł,4870.0,https://www.olx.pl/d/oferta/mieszkanie-na-mokotowie-3-pokoje-pets-friendly-CID3-ID15HZD2.html,Dzisiaj o 04:42,other,0.0,0,mieszkanie warszawa,2025-05-07 15:52:53
No Title,"Warszawa, Mokotów",649 000 zł,649000.0,https://www.otodom.pl/pl/oferta/sloneczne-2-pokojowe-mieszkanie-ul-bytnara-rudego-15-mokotow-ID4veh1.html,05 maja 2025,other,0.0,0,mieszkanie warszawa,2025-05-07 15:52:53
No Title,Warszawa,4 000 zł,4000.0,https://www.otodom.pl/pl/oferta/mieszkanie-50m2-z-ogrodem-109-m2-i-garazem-w-nowym-budynku-warszawa-ID4veMH.html,05 maja 2025,other,0.0,0,mieszkanie warszawa,2025-05-07 15:52:53
No Title,"Warszawa, Ursynów",769 000 zł,769000.0,https://www.otodom.pl/pl/oferta/na-sprzedaz-3-pokojowe-mieszkanie-56-m-ID4wEBB.html,23 kwietnia 2025,other,0.0,0,mieszkanie warszawa,2025-05-07 15:52:53
No Title,"Warszawa, Praga-Południe",2 400 zł,2400.0,https://www.olx.pl/d/oferta/do-wynajecia-mieszkanie-saska-kepa-al-stanow-zjednoczonych-20-CID3-ID15F12l.html,04 maja 2025,other,0.0,0,mieszkanie warszawa,2025-05-07 15:52:53
No Title,"Warszawa, Bemowo",2 900 złdo negocjacji,2900.0,https://www.olx.pl/d/oferta/mieszkanie-40m2-bemowo-dla-pary-od-zaraz-CID3-ID12AB4x.html,12 kwietnia 2025,other,0.0,0,mieszkanie warszawa,2025-05-07 15:53:00
No Title,"Warszawa, Żoliborz",3 200 zł,3200.0,https://www.olx.pl/d/oferta/mieszkanie-na-wynajem-40m-zoliborz-czynsz-w-cenie-CID3-ID15vfBg.html,Odświeżono dnia 06 maja 2025,other,0.0,0,mieszkanie warszawa,2025-05-07 15:53:00
No Title,"Warszawa, Białołęka",3 999 zł,3999.0,https://www.olx.pl/d/oferta/urokliwe-mieszkanie-3-pokoje-55-m2-ul-kowalczyka-CID3-ID15HPRF.html,06 maja 2025,other,0.0,0,mieszkanie warszawa,2025-05-07 15:53:00
No Title,"Warszawa, Ursynów",769 000 zł,769000.0,https://www.otodom.pl/pl/oferta/na-sprzedaz-3-pokojowe-mieszkanie-56-m-ID4wEBB.html,23 kwietnia 2025,other,0.0,0,mieszkanie warszawa,2025-05-07 15:53:00
No Title,"Warszawa, Praga-Południe",2 400 zł,2400.0,https://www.olx.pl/d/oferta/do-wynajecia-mieszkanie-saska-kepa-al-stanow-zjednoczonych-20-CID3-ID15F12l.html,04 maja 2025,other,0.0,0,mieszkanie warszawa,2025-05-07 15:53:00
No Title,"Warszawa, Śródmieście",40 zł za godzinę,40.0,https://www.olx.pl/d/oferta/posprszatam-dom-mieszkanie-mycie-okien-prasowanie-CID4371-ID14B7Jv.html,Odświeżono dnia 03 maja 2025,other,0.0,0,mieszkanie warszawa,2025-05-07 15:53:00
No Title,"Warszawa, Białołęka",230  zł/za dobę,230.0,https://www.olx.pl/d/oferta/mieszkanie-na-doby-CID1816-IDUvFsR.html,30 kwietnia 2025,other,0.0,0,mieszkanie warszawa,2025-05-07 15:53:00
No Title,"Warszawa, Praga-Północ",2 800 zł,2800.0,https://www.otodom.pl/pl/oferta/jasne-mieszkanie-i-bez-prowizji-1-sypialnia-metro-okazja-ID4wQfr.html,10 kwietnia 2025,other,0.0,0,mieszkanie warszawa,2025-05-07 15:53:00
No Title,"Warszawa, Bielany",2 600 zł,2600.0,https://www.otodom.pl/pl/oferta/do-wynajecia-2-pokojowe-mieszkanie-z-gabinetem-na-bielanach-39-5m2-ID4vb8H.html,30 kwietnia 2025,other,0.0,0,mieszkanie warszawa,2025-05-07 15:53:00
No Title,Warszawa,3 300 zł,3300.0,https://www.otodom.pl/pl/oferta/wynajme-mieszkanie-w-centrum-warszaw-ID4vcUc.html,02 maja 2025,other,0.0,0,mieszkanie warszawa,2025-05-07 15:53:00
No Title,"Warszawa, Mokotów",3 950 zł,3950.0,https://www.olx.pl/d/oferta/woronicza-3-pok-60-m2-garaz-mokotow-CID3-ID15I8ov.html,Dzisiaj o 13:20,other,0.0,0,mieszkanie warszawa,2025-05-07 15:53:00
No Title,"Warszawa, Bielany",2 300 zł,2300.0,https://www.otodom.pl/pl/oferta/sloneczne-i-przytulne-mieszkanie-w-kamienicy-blisko-metra-ID4veCk.html,05 maja 2025,other,0.0,0,mieszkanie warszawa,2025-05-07 15:53:00
No Title,"Warszawa, Praga-Północ",2 600 zł,2600.0,https://www.otodom.pl/pl/oferta/mieszkanie-przy-ul-stanislawa-rogalskiego-ID4wPTc.html,09 kwietnia 2025,other,0.0,0,mieszkanie warszawa,2025-05-07 15:53:00
No Title,"Warszawa, Mokotów",599 000 zł,599000.0,https://www.otodom.pl/pl/oferta/mieszkanie-mokotow-podchorazych-27-4-m2-ID4qTUF.html,28 kwietnia 2025,other,0.0,0,mieszkanie warszawa,2025-05-07 15:53:00
No Title,"Warszawa, Bemowo",3 100 zł,3100.0,https://www.olx.pl/d/oferta/bemowo-62-m2-2-pokoje-z-balkonem-duze-przestronne-mieszkanie-CID3-ID14k91E.html,28 kwietnia 2025,other,0.0,0,mieszkanie warszawa,2025-05-07 15:53:00
No Title,"Warszawa, Włochy",678 000 zł,678000.0,https://www.otodom.pl/pl/oferta/bezposrednia-sprzedaz-mieszkania-nowe-wlochy-ID4wrNZ.html,16 marca 2025,other,0.0,0,mieszkanie warszawa,2025-05-07 15:53:00
No Title,"Warszawa, Wola",3 300 zł,3300.0,https://www.olx.pl/d/oferta/wynajme-mieszkanie-osiedle-bliska-wola-CID3-ID12NucH.html,26 kwietnia 2025,other,0.0,0,mieszkanie warszawa,2025-05-07 15:53:00
No Title,"Warszawa, Białołęka",2 500 zł,2500.0,https://www.olx.pl/d/oferta/wynajme-kawalerke-na-brodnie-suwalska-CID3-ID15HiHe.html,06 maja 2025,other,0.0,0,mieszkanie warszawa,2025-05-07 15:53:00
No Title,"Warszawa, Bielany",2 500 zł,2500.0,https://www.otodom.pl/pl/oferta/bezposrednio-blisko-metra-mieszkanie-37m-bielany-ID4kvIt.html,06 maja 2025,other,0.0,0,mieszkanie warszawa,2025-05-07 15:53:00
No Title,"Warszawa, Śródmieście",250  zł/za dobę,250.0,https://www.olx.pl/d/oferta/mieszkanie-w-centrum-na-doby-tygodnie-CID1816-IDEC0nY.html,Odświeżono dnia 05 maja 2025,other,0.0,0,mieszkanie warszawa,2025-05-07 15:53:00
No Title,"Warszawa, Żoliborz","3 059,73 zł",3059.73,https://www.otodom.pl/pl/oferta/2-pokojowe-mieszkanie-na-zoliborzu-ID4wSbF.html,15 kwietnia 2025,other,0.0,0,mieszkanie warszawa,2025-05-07 15:53:00
No Title,"Warszawa, Mokotów",4 600 zł,4600.0,https://www.otodom.pl/pl/oferta/trzypokojowe-mieszkanie-w-kamienicy-na-mokotowie-ID4mjps.html,25 kwietnia 2025,other,0.0,0,mieszkanie warszawa,2025-05-07 15:53:00
No Title,"Warszawa, Białołęka",885 000 zł,885000.0,https://www.otodom.pl/pl/oferta/unikatowe-mieszkanie-z-tarasem-i-ogrodkiem-bialoleka-tarchomin-ID4v9TF.html,29 kwietnia 2025,other,0.0,0,mieszkanie warszawa,2025-05-07 15:53:00
No Title,"Warszawa, Wola",3 300 zł,3300.0,https://www.otodom.pl/pl/oferta/wynajme-mieszkanie-3-pokojowe-ID4vdS8.html,05 maja 2025,other,0.0,0,mieszkanie warszawa,2025-05-07 15:53:00
No Title,"Warszawa, Ursus",2 800 zł,2800.0,https://www.otodom.pl/pl/oferta/jasne-2-pokojowe-mieszkanie-ul-taylora-ursus-ID4vevE.html,05 maja 2025,other,0.0,0,mieszkanie warszawa,2025-05-07 15:53:00
No Title,"Warszawa, Mokotów",3 700 złdo negocjacji,3700.0,https://www.olx.pl/d/oferta/mieszkanie-2-pokojowe-mokotow-ul-jana-pohoskiego-2-CID3-ID15c1zY.html,06 maja 2025,other,0.0,0,mieszkanie warszawa,2025-05-07 15:53:00
No Title,"Warszawa, Mokotów",1 450 000 zł,1450000.0,https://www.otodom.pl/pl/oferta/bobrowiecka-piekne-mieszkanie-z-garazem-ID4wnpG.html,05 maja 2025,other,0.0,0,mieszkanie warszawa,2025-05-07 15:53:00
No Title,Jabłonna,2 300 zł,2300.0,https://www.olx.pl/d/oferta/wynajme-mieszkanie-warszawa-jablonna-CID3-ID14F0D0.html,05 maja 2025,other,0.0,0,mieszkanie warszawa,2025-05-07 15:53:00
No Title,"Warszawa, Wola",11 000 zł,11000.0,https://www.olx.pl/d/oferta/nowe-3-pokojowe-mieszkanie-z-ogrodem-75m2-wola-CID3-ID15HbFd.html,06 maja 2025,other,0.0,0,mieszkanie warszawa,2025-05-07 15:53:00
No Title,"Warszawa, Mokotów",3 800 zł,3800.0,https://www.otodom.pl/pl/oferta/dwupokojowe-przestronne-mieszkanie-ID4n75p.html,06 maja 2025,other,0.0,0,mieszkanie warszawa,2025-05-07 15:53:00
No Title,"Warszawa, Bemowo",3 200 zł,3200.0,https://www.otodom.pl/pl/oferta/wynajme-nowe-2-pokojowe-mieszkanie-bemowo-ID4vayx.html,29 kwietnia 2025,other,0.0,0,mieszkanie warszawa,2025-05-07 15:53:00
No Title,"Warszawa, Praga-Południe",33 zł za godzinę,33.0,https://www.olx.pl/d/oferta/posprzatam-dom-mieszkanie-lub-biuro-CID4371-ID14EBP3.html,30 kwietnia 2025,other,0.0,0,mieszkanie warszawa,2025-05-07 15:53:00
No Title,"Warszawa, Ursynów",3 000 zł,3000.0,https://www.otodom.pl/pl/oferta/jasne-dwupokojowe-mieszkanie-metro-natolin-ID4wPTb.html,Odświeżono dnia 05 maja 2025,other,0.0,0,mieszkanie warszawa,2025-05-07 15:53:00
No Title,"Warszawa, Praga-Południe",3 200 zł,3200.0,https://www.otodom.pl/pl/oferta/piekne-mieszkanie-z-ogrodem-goclaw-ciche-od-zaraz-ID4jGXK.html,06 maja 2025,other,0.0,0,mieszkanie warszawa,2025-05-07 15:53:00
No Title,"Warszawa, Wola",4 800 zł,4800.0,https://www.otodom.pl/pl/oferta/mieszkanie-57m-3pok-ogrodek-70m-blisko-metro-janusza-650m-ID4vcwX.html,02 maja 2025,other,0.0,0,mieszkanie warszawa,2025-05-07 15:53:00
No Title,"Warszawa, Bemowo",4 500 zł,4500.0,https://www.otodom.pl/pl/oferta/wynajem-jasne-przestronne-mieszkanie-wysoki-standard-ID4vd4N.html,03 maja 2025,other,0.0,0,mieszkanie warszawa,2025-05-07 15:53:00
No Title,"Warszawa, Mokotów",4 500 zł,4500.0,https://www.olx.pl/d/oferta/2-pokojowe-mieszkanie-mokotow-ul-lubaszki-10-czynsz-adm-wliczony-CID3-ID15HwBn.html,06 maja 2025,other,0.0,0,mieszkanie warszawa,2025-05-07 15:53:00
No Title,"Warszawa, Wawer",590 000 zł,590000.0,https://www.otodom.pl/pl/oferta/2-pokojowe-mieszkanie-z-ogrodkiem-na-strzezonym-osiedlu-ID4vcxW.html,02 maja 2025,other,0.0,0,mieszkanie warszawa,2025-05-07 15:53:00
No Title,"Warszawa, Targówek",1 805 000 zł,1805000.0,https://www.otodom.pl/pl/oferta/atrakcyjne-4-pok-mieszkanie-warszawa-targowek-ID4worp.html,04 maja 2025,other,0.0,0,mieszkanie warszawa,2025-05-07 15:53:00
No Title,"Warszawa, Bemowo",2 900 zł,2900.0,https://www.olx.pl/d/oferta/nowoczesne-mieszkanie-do-wynajecia-warszawa-bemowo-CID3-ID15x7jf.html,23 kwietnia 2025,other,0.0,0,mieszkanie warszawa,2025-05-07 15:53:00
No Title,"Warszawa, Bemowo",1 222 210 zł,1222210.0,https://www.olx.pl/d/oferta/sprzedaz-bezposrednia-3-pokojowego-mieszkania-CID3-ID15EaiH.html,02 maja 2025,other,0.0,0,mieszkanie warszawa,2025-05-07 15:53:00
No Title,"Warszawa, Ochota",3 400 zł,3400.0,https://www.olx.pl/d/oferta/mieszkanie-2-pokoje-36m-balkon-nowoczesne-ochota-przy-wkd-reduta-CID3-ID15D2B0.html,Odświeżono dnia 06 maja 2025,other,0.0,0,mieszkanie warszawa,2025-05-07 15:53:00
No Title,"Warszawa, Mokotów",980 000 zł,980000.0,https://www.otodom.pl/pl/oferta/piekne-mieszkanie-z-sypialnia-master-oddanie-w-tym-roku-ID4v4IU.html,23 kwietnia 2025,other,0.0,0,mieszkanie warszawa,2025-05-07 15:53:00
No Title,"Warszawa, Bemowo",1 075 000 zł,1075000.0,https://www.otodom.pl/pl/oferta/idealne-3-pok-mieszkanie-na-bemowie-ID4wQUK.html,08 kwietnia 2025,other,0.0,0,mieszkanie warszawa,2025-05-07 15:53:00
No Title,"Warszawa, Bemowo",3 100 zł,3100.0,https://www.olx.pl/d/oferta/mieszkanie-2-pokojowe-z-ogrodkiem-lazurowa-CID3-ID15GKq7.html,05 maja 2025,other,0.0,0,mieszkanie warszawa,2025-05-07 15:53:00
No Title,"Warszawa, Praga-Południe",1 400 zł,1400.0,https://www.olx.pl/d/oferta/wynajme-pokoj-16m2-samodzielny-z-balkonem-w-mieszkaniu-3-pokojowym-CID3-ID15DfYK.html,Odświeżono Dzisiaj o 14:45,other,0.0,0,mieszkanie warszawa,2025-05-07 15:53:00
No Title,"Warszawa, Bemowo",3 500 zł,3500.0,https://www.otodom.pl/pl/oferta/wynajme-mieszkanie-2-pokojowe-bemowo-ID4wWDz.html,12 kwietnia 2025,other,0.0,0,mieszkanie warszawa,2025-05-07 15:53:00
No Title,"Warszawa, Praga-Południe",2 550 zł,2550.0,https://www.otodom.pl/pl/oferta/komfortowe-mieszkanie-goclaw-garaz-i-ogrodek-ID4lmdU.html,03 maja 2025,other,0.0,0,mieszkanie warszawa,2025-05-07 15:53:00
No Title,"Warszawa, Targówek",2 900 zł,2900.0,https://www.otodom.pl/pl/oferta/2-pokojowe-mieszkanie-z-garazem-os-wilno-ID4vfeM.html,06 maja 2025,other,0.0,0,mieszkanie warszawa,2025-05-07 15:53:00
No Title,"Warszawa, Wola",4 600 zł,4600.0,https://www.olx.pl/d/oferta/mieszkanie-56m-3-pokoje-wola-ul-radziwie-CID3-ID15zh4p.html,26 kwietnia 2025,other,0.0,0,mieszkanie warszawa,2025-05-07 15:53:00
No Title,"Warszawa, Wola",3 600 zł,3600.0,https://www.otodom.pl/pl/oferta/komfortowe-2-pok-mieszkanie-z-ogrodkiem-na-woli-ID4r5CL.html,05 maja 2025,other,0.0,0,mieszkanie warszawa,2025-05-07 15:53:00
No Title,"Warszawa, Rembertów",3 800 zł,3800.0,https://www.olx.pl/d/oferta/mieszkanie-warszawa-rembertow-pastuszkow-4-pokoje-nowe-CID3-ID15783O.html,06 maja 2025,other,0.0,0,mieszkanie warszawa,2025-05-07 15:53:00
